,A,B,C,D
2000-01-01,0.029462194523386765,-0.24201738070857182,0.4057484728705403,0.42813222504256354
2000-01-02,0.550113425357006,-1.292781449010759,-0.3769531825790232,-0.868508169057593
2000-01-03,0.9181247940380974,-0.4245783954797704,0.9897445192597841,-0.9378066690403443
2000-01-04,2.578583927816431,-0.198260289444266,0.8640169184608124,-1.872074021543421
2000-01-05,1.5100584057333315,0.7358518683155204,0.9970343378473591,-1.6799341878515528
2000-01-06,1.5941430753478258,2.1881068973252265,1.4671866426016869,-1.2251426659157463
2000-01-07,0.92249337675786,2.224191870023999,2.6061800489346627,-0.7951230283393484
2000-01-08,2.3757048664575087,1.7245336131446085,3.572110619617928,-0.29512840494710507
2000-01-09,1.7717441485596386,1.5962547750703429,3.3547381077690765,0.9042513070409433
2000-01-10,1.0464628882424334,1.5542851629324181,2.219884002092182,1.6224702417986012
2000-01-11,-0.0691608852589145,-0.04842859733936411,0.313745640147304,1.6213914079789093
2000-01-12,1.729795922703209,0.1263863334271919,-0.252463421278997,2.14259186911036
2000-01-13,1.3399078817407795,0.05619648750666921,-0.1854406928033896,1.8281462553921117
2000-01-14,0.770033201720403,-0.10371496309149007,-0.00023776846814729802,2.9363889981469846
2000-01-15,0.2181756501924772,-0.53243638415299,1.0973212154813983,3.394525486846271
2000-01-16,2.5497983088720644,-2.2191422067157234,1.4202938594470251,1.6434763190966504
2000-01-17,5.371840980807273,-1.6885681506217907,2.3766748194160536,3.321460666040827
2000-01-18,6.859371547283782,-0.05132207218445717,4.560222273993298,4.0862946943199
2000-01-19,6.9843021213265875,-0.9267750915655426,4.1811423333099995,4.225442500108828
2000-01-20,6.583879084891572,0.20229235720494665,4.080734321512656,3.7286941622003282
2000-01-21,7.353139359546062,-0.5346391042323116,5.8459459529970275,4.373820570828515
2000-01-22,8.142212817638235,0.15112946277039918,5.371102032227601,6.729283424659769
2000-01-23,7.215889977253621,1.0588950826083288,6.765982274041802,5.355185172506628
2000-01-24,8.570307476518787,1.9428885372748654,6.194530491337488,3.8880786215255014
2000-01-25,7.491016677096419,1.827482752515632,4.757550993188351,5.064446396493442
2000-01-26,7.75393804565486,0.946509316719154,3.2077464507243767,4.946146514749491
2000-01-27,7.634093044209651,0.8721935464120547,3.8771505811579208,4.510873387211283
2000-01-28,7.70625575116181,1.7967508320939636,4.524384049525633,3.8640414507156002
2000-01-29,7.56496891266261,2.964886405792843,3.5000188569374986,3.128846556640991
2000-01-30,9.914770459163641,3.1233399499213714,2.273908713875614,2.3947164845121507
2000-01-31,9.593323827680376,3.9756755129941648,0.4270081184904866,1.1052845744340616
2000-02-01,10.108248208962122,7.126868398369718,1.1433599046505818,1.905758203930945
2000-02-02,10.111198267426339,5.796253528189471,0.6399946769575078,3.1756907780466266
2000-02-03,10.445443002465215,4.6630742478966996,-0.2484656943131942,3.70592763809156
2000-02-04,11.429289995860868,4.470660272852445,0.11887742090857173,2.411130285708638
2000-02-05,11.798370540979725,4.866880766182955,-0.7825996248490985,2.465500320358229
2000-02-06,13.393576400409751,4.670233006379737,-0.8940827184617051,1.9339991989787557
2000-02-07,13.363836914650292,3.449015954284756,-0.8971789140782624,1.9316343840808863
2000-02-08,14.119994892212025,4.122295475592321,-0.2979552587689076,1.338338792839471
2000-02-09,15.386424872371144,2.1110247709001833,-0.9301525623483275,1.2541212150284589
2000-02-10,15.965529940483254,2.866569116959001,-1.2022114428261785,-0.6880232594221387
2000-02-11,15.818187176825235,4.3868302238809935,-1.526741471509385,-0.764187426867196
2000-02-12,17.785564122422947,4.168264003277697,-1.7721248682782405,-0.4313246964602977
2000-02-13,18.265837623802206,3.423703697908457,-2.4715455299114812,-0.5232348952230058
2000-02-14,19.55293298019993,3.7295723073094065,-2.259605645945221,-0.7978932958372218
2000-02-15,19.363097647581434,3.7917938115613223,-1.5228441507996242,-2.6898687652116617
2000-02-16,17.72361533003485,3.090354283676276,-1.6155945894930006,-3.381232393542101
2000-02-17,17.15245328536921,2.917763430414722,-2.16797923438984,-3.425771873549067
2000-02-18,16.04269380499521,4.080420178211849,-2.5744748558678543,-2.106901300576488
2000-02-19,15.416315214231508,5.580776045130516,-1.2882930086641777,-2.637457825143028
2000-02-20,14.994993016681576,6.5948483404562595,-2.5198347474116374,-2.2020632451990005
2000-02-21,16.827450802632484,6.528413871440366,-3.3514720053342093,-3.286206345271437
2000-02-22,14.999647391014665,4.317451753707715,-3.5473284966851715,-2.951797263993411
2000-02-23,13.506395432640092,4.4134137011491505,-3.153172754136272,-3.3655030292133965
2000-02-24,13.168826975226509,2.6499237255506154,-2.4235064582437267,-1.5317911791377237
2000-02-25,13.983033893791342,1.6607093181527466,-2.2542331275543406,-2.274604827316512
2000-02-26,12.668738794624648,1.6196693794600288,-2.6381237020614066,-1.0321037158258355
2000-02-27,12.097541615926504,1.9786658115389302,-2.976105788611044,-0.4600334887695068
2000-02-28,10.377843392828426,1.775647851959474,-2.9709056363354662,0.42020180573900556
2000-02-29,8.847778192824455,0.8828886817982039,-1.914046353182607,0.3731857940212137
2000-03-01,7.088863679717944,1.9474368076070516,-1.1104966906910474,1.1320485202660848
2000-03-02,7.255720529056462,2.2047970759100317,0.30477954043527844,2.447126338702329
2000-03-03,7.205172838040131,0.8286029113645497,-0.07712622796153895,2.5381528906319737
2000-03-04,6.661893861945156,1.2566763640500869,-1.6448925071049765,2.125474474199035
2000-03-05,6.821818914178312,1.207506419313707,-1.209066487646607,1.8463653607651702
2000-03-06,9.08989901691066,1.1944517609779892,-0.643708834847983,1.5430023293605433
2000-03-07,9.563190058143695,1.8558904274182018,-2.7986174385511258,2.024370816387748
2000-03-08,10.091684418068102,1.4884630648669992,-3.083989605622105,2.432751826224318
2000-03-09,8.829448829601525,0.9972290840393394,-3.1203210240752592,2.531809919777751
2000-03-10,8.380845865614203,1.236183434491586,-2.6626250475771225,2.954990592894237
2000-03-11,8.07196722475452,0.039038729430850294,-1.0694185378276673,5.916665755248709
2000-03-12,9.194573553572079,0.5266576715215339,-2.156699662812158,6.727629753899392
2000-03-13,9.674392104153402,0.007557695917396412,-1.8662107046386827,7.523367098681834
2000-03-14,9.469700978518025,1.27524898983779,-1.4346119325387252,8.307596549300799
2000-03-15,9.145163139752443,1.2166195838946063,-1.975905149683395,8.36220396788208
2000-03-16,9.526627370485008,-0.942557351562942,-1.530514829564063,9.344938473964152
2000-03-17,10.372424919509884,-0.49211838766027133,-2.217141591977388,9.352977791092755
2000-03-18,12.250131541061105,1.025606164810477,-2.5238025531837027,8.135163041170271
2000-03-19,12.26283276793736,1.915586616745658,-3.061923519759884,7.195493920777548
2000-03-20,11.305047282042688,2.972064855496587,-3.613468245886411,8.081000331905168
2000-03-21,9.647114063301194,2.4973600935728366,-4.547466761460994,8.800729662326631
2000-03-22,8.364280696720265,1.8496559064516123,-5.453752188187385,7.049733258551322
2000-03-23,8.214299825559822,1.5340292194841014,-6.290666990301178,6.4597885858270265
2000-03-24,8.026973534056513,1.6734976166938016,-5.729062034816439,6.898071876830761
2000-03-25,8.352736800708753,2.6293575432058915,-5.539988530702853,6.611574856884748
2000-03-26,7.886815844439952,2.8688304480183517,-5.914247797775733,6.655330005273858
2000-03-27,7.011054128061738,3.440883265386887,-5.1948520305153005,7.771023604736165
2000-03-28,7.116343108125535,3.712976674932724,-5.808627140333723,8.743825180608724
2000-03-29,7.205786522418344,3.5251330714363,-4.00059361596293,7.825677866586609
2000-03-30,9.34056194809346,3.6617352004116195,-5.162980310916064,7.855600633147151
2000-03-31,10.842884018815058,2.867188629587341,-3.043610775482895,5.721685775075283
2000-04-01,11.687742706665409,3.8205193021999864,-2.9248839957925448,6.944278290921898
2000-04-02,11.596040475374148,2.242385251195877,-4.386529136937435,7.497079851304179
2000-04-03,11.461051421897436,2.347840183841885,-4.089953111472354,8.860451752868542
2000-04-04,11.777657773475676,2.352952249197325,-5.974768453101323,9.20948579147401
2000-04-05,13.523383961812392,2.8786056073622603,-7.8776906143814065,8.75987157962156
2000-04-06,14.391765580740314,4.195206313580669,-9.62737047806244,7.849407629652654
2000-04-07,14.46493259905993,3.9218272948897694,-8.487862919427084,6.66406349938414
2000-04-08,12.648866418147678,2.9015374302731893,-7.03156107030136,6.979710215087525
2000-04-09,12.401104616083755,3.6079349105082867,-5.31001674806862,6.8857819758727805
2000-04-10,12.541943670638481,2.7815064108007395,-5.4034115328833625,7.0450913744020776
2000-04-11,11.54326928246588,2.959682913837888,-4.043849154136038,7.694366633071136
2000-04-12,10.486122442908146,4.663915361721625,-2.7943566874675905,6.977966893384665
2000-04-13,10.632934202995934,5.374314793889096,-2.841720132535105,7.830967911165288
2000-04-14,10.256356782198388,5.227952487011102,-1.419237034959444,8.428866996206311
2000-04-15,9.886450875745,6.712108931834331,0.18611454984067222,8.370145957432277
2000-04-16,9.329774719171896,6.60506984455052,0.5829354668886614,8.346048822000656
2000-04-17,9.398510569519338,6.926529260741718,-0.957463634581942,7.763040111986555
2000-04-18,8.492482824131708,6.9556393324721935,-1.0976871802409842,7.101857091943656
2000-04-19,8.885688979324767,7.077745524032902,0.9397013122817406,7.6618771943462605
2000-04-20,9.592044698306678,4.447197735109445,1.3377909946289412,8.27612281240661
2000-04-21,9.87202354614963,3.630174506206258,1.537478858740507,7.65034948345403
2000-04-22,10.419226305528781,6.169402609427536,1.7874889547635577,6.632981828940821
2000-04-23,11.197303622354747,4.0375053187433485,2.1922103873488474,7.094265764589599
2000-04-24,12.564281974123071,2.6280475038384785,1.3554375647923407,6.84359834602802
2000-04-25,11.904342584919279,1.900599907862318,2.03107900229623,5.922585572272416
2000-04-26,11.562394749191178,3.7321977994545854,3.7480205907193325,4.447643064883421
2000-04-27,11.391532329810284,3.5718577975173282,5.3706648724585175,5.211457438213371
2000-04-28,12.738629371991507,3.3239696084216264,3.1487076773004747,3.5587225971144676
2000-04-29,13.843808791442616,3.827819448022672,2.3267705521328534,4.3936567533633575
2000-04-30,13.416089994588345,4.399893187653213,2.2361584058313473,5.5128163691602765
2000-05-01,14.41179577026783,4.425452637350202,1.1392868902760944,6.708418586508465
2000-05-02,13.864363538299793,4.034174786639698,0.08414399097340275,7.771821305023293
2000-05-03,13.276175006276908,5.249254806876457,0.4485380837111648,8.741067665619331
2000-05-04,14.733760982642504,5.261015877249003,0.6171236310710604,8.640887328795218
2000-05-05,14.051411021926139,5.076342162816808,0.517831082004754,7.540263081811049
2000-05-06,14.031964164524506,4.731319952470108,1.14278856990625,6.805463376953018
2000-05-07,14.574846437116967,4.8528712442194,0.957640875360491,9.31076964880908
2000-05-08,15.491618724277197,4.598262359952232,2.1678200578393585,8.64399318684602
2000-05-09,14.191937875994476,5.577892406419286,4.273733257642177,7.890574727312908
2000-05-10,13.673794255908446,6.676589184465303,4.664338832698005,7.418573735755026
2000-05-11,13.73787797171938,6.99863743993051,4.646778925760415,8.870322945602243
2000-05-12,14.122390450420825,6.73569978192924,5.346312180928719,9.712641120217103
2000-05-13,13.790991670800686,7.9551287185510215,4.617598361077931,10.268286750464485
2000-05-14,14.240105183299633,7.733840431226444,3.758231031211281,10.416270016715124
2000-05-15,13.415700896326758,9.062876412662623,3.509330751020283,10.606056116310201
2000-05-16,14.022445158406327,10.394674842201178,3.541263456250021,9.149052366557259
2000-05-17,12.357835975393655,10.404840594376555,4.24463285242799,9.252715860961297
2000-05-18,12.207079938041598,10.130118599111649,3.4793919410347507,8.993147764132647
2000-05-19,13.483825944925147,9.02737286346596,3.4103053253037534,9.225031705431293
2000-05-20,15.731901357806157,9.631994191503022,2.60739533340894,8.064704335186438
2000-05-21,16.6402920019265,8.754874085787888,1.6616457217929541,8.329827713765457
2000-05-22,15.777199188422014,9.951088990067618,4.203801948388992,8.609034869257087
2000-05-23,14.799350772706799,10.224438142123008,3.3757613110818574,9.755877305607743
2000-05-24,14.284954502383593,10.743680259495017,3.7697257438314296,9.76416620280784
2000-05-25,13.344454985638677,8.96805634650195,3.0780774702900113,9.790099982692288
2000-05-26,11.973382988799948,9.470042873613965,4.341116505565927,9.709846497010773
2000-05-27,11.328322018180378,10.424300761633909,4.997627018526747,8.31311343588782
2000-05-28,10.117118403164069,10.23375635928286,5.454201339893491,7.991514665229179
2000-05-29,11.253977579923747,11.434755380699873,5.266945896544299,6.660912989191971
2000-05-30,10.332382602277182,12.981453787061756,5.317300966107548,5.829110432262802
2000-05-31,10.272523991162851,13.564019093372767,5.967481105699956,6.5521183504267695
2000-06-01,10.579186958141818,14.562161310587726,5.523286792555087,6.200690804273365
2000-06-02,9.924054065744352,15.393212656414132,6.705199825112092,6.26135877451827
2000-06-03,9.103128101365202,15.819595116970508,7.782900804369125,4.650180306984165
2000-06-04,8.040802877658082,15.26936745738346,7.041409865730932,4.613412708260887
2000-06-05,9.474253891082885,15.254166765051918,6.592334335232618,4.938230513530153
2000-06-06,9.90363304973142,14.475862567380418,6.252893363913215,3.518271656714605
2000-06-07,9.035732877526119,14.01171057608503,8.060395479584095,3.301999912687522
2000-06-08,9.264258503162857,14.339607495362277,7.9774311628023975,2.8492413120249522
2000-06-09,9.336659573940631,14.732723363073337,9.030635247342383,3.44518011036011
2000-06-10,7.988341960499776,16.592888432690607,8.522140170216867,3.632525406000454
2000-06-11,8.384213402176826,17.019864770662412,8.574845676999256,4.019906764848324
2000-06-12,6.847521426529061,16.898569045181212,9.513059733796991,5.572637564453766
2000-06-13,8.85973523891514,15.960155878897194,9.506527696716953,5.5235574864086505
2000-06-14,9.069185701107827,14.85529222481215,10.07662715387477,5.36778804364314
2000-06-15,9.454124669399935,13.429392163476745,9.027109269934744,5.827904490424557
2000-06-16,8.76183270046071,12.477529903506724,8.18606759992263,6.594053736904723
2000-06-17,8.23511288045818,12.025991166848643,9.277937476919565,7.598191817092693
2000-06-18,9.131572909515587,11.324415115485388,12.056006568843156,7.963321181266802
2000-06-19,8.39102139620411,12.865922866438915,11.480043004875506,8.094772081472541
2000-06-20,10.97182848289442,13.674770995206078,12.198640826925649,7.518813030333594
2000-06-21,8.933246584490986,13.703486582577439,12.549304121495394,8.181347884616748
2000-06-22,10.780992177273712,12.608854267217504,15.264399310805487,7.634345125376916
2000-06-23,10.039279947924127,13.542837093163362,16.891681199902184,6.210641094018533
2000-06-24,9.824929998130365,14.45382225608831,17.538308100488564,4.733118360319091
2000-06-25,10.648705706528963,16.023613637701228,18.426429750168463,5.231447706229423
2000-06-26,10.868550577139569,15.763206642978446,18.601921675560792,4.714725864285321
2000-06-27,9.850934350681705,16.984306255401858,18.323764015244933,4.97252615913743
2000-06-28,9.397922129155724,17.04362780986372,17.610728602736618,5.739729828807111
2000-06-29,7.920581709468064,17.276057220327992,19.181019861898207,6.116140073806776
2000-06-30,8.496819491115067,15.421927949177602,18.664555337635502,6.065610313669373
2000-07-01,8.058875259968687,16.61941742348219,19.079082467702026,6.56539133031806
2000-07-02,7.733244220553853,15.263988595642791,17.67030619196333,6.9583238040979705
2000-07-03,6.549945460537037,15.303853820521415,17.98827279779684,7.306161767138088
2000-07-04,5.837366879483151,15.213267764186593,18.16813329762547,5.504611189727863
2000-07-05,5.561155446608291,15.965284179136273,18.19810069800857,5.313502504932016
2000-07-06,5.181019784602848,15.935324894281818,19.020350925604063,5.577234474495775
2000-07-07,5.663246661747918,16.495015105491948,20.3632692069773,5.499648421758141
2000-07-08,4.261508845591642,15.624379543254838,18.996840462556847,5.791638786810966
2000-07-09,3.2142027984744876,16.997813262076917,18.654647496646444,6.8619170360424455
2000-07-10,2.670553717361574,17.317167349513443,15.949317659398197,5.79358220370438
2000-07-11,2.055442037053436,18.554871654626574,15.530778642743174,4.998910778231695
2000-07-12,1.9813971961562769,18.770991479820964,15.490951365540822,4.856353458086468
2000-07-13,3.9961610063828497,19.72011661756313,15.281226974446351,4.479066051694776
2000-07-14,4.930134302057379,18.698768369588098,15.16775767112641,4.667594726119079
2000-07-15,4.244116787757858,16.192461550891863,14.305898403406854,3.4725652980498833
2000-07-16,4.563012304052921,16.133195344737306,12.67825272812348,3.721161412910356
2000-07-17,3.6135008597142857,17.23903260639725,13.682996321701367,3.875959864792183
2000-07-18,1.4712964084602138,16.89598737729797,11.737271553288798,3.077116387263772
2000-07-19,2.769689335619404,17.83828962751844,11.682670616373262,2.4002745902480562
2000-07-20,2.7747019461772386,17.866891921440576,13.013736769437186,3.113381247113395
2000-07-21,2.7693488620256623,16.522786187406826,12.330483437167205,4.4131869299479325
2000-07-22,3.2094264453295533,18.634270457168483,13.448804294034064,5.013827087290731
2000-07-23,2.4849305959377572,17.872134628630228,13.238294091466955,5.826832540727369
2000-07-24,2.6676787470247345,19.356148605897275,14.118846274340553,6.882720602859877
2000-07-25,2.664266763130267,19.706674894327772,14.46394931544314,9.007171236850082
2000-07-26,2.7774585122726205,20.74861739513175,15.046212805268334,7.482352265734488
2000-07-27,1.54528604855958,19.719212751362488,14.129614828315333,8.338284522009879
2000-07-28,1.458701702054463,20.005671651831406,14.615692936611607,7.987507306948234
2000-07-29,1.656960285019378,18.757005428589643,15.877442392950014,9.647513817060572
2000-07-30,2.42432890107222,19.700032020563697,16.62496067514298,9.40178674263206
2000-07-31,2.533220377810756,17.357409446048568,17.31936673629097,8.977294574611232
2000-08-01,0.9161872186375513,17.594709643250678,18.516925989899978,8.663316421265504
2000-08-02,-0.7899051012263634,17.169980487661398,20.33213610545355,7.198261716295999
2000-08-03,-0.7240764566557725,17.73247164868992,19.746083990230936,6.872972870644497
2000-08-04,-0.057390630109795615,17.559697681415273,19.217118815737212,6.126522896810965
2000-08-05,-1.0801212042973902,16.451903403175237,18.849233551494677,5.42509493965791
2000-08-06,-2.4488008293066876,16.63670747155806,16.97906736324359,5.486880593714215
2000-08-07,-2.2596484076372345,18.375537574810753,18.967349513089193,5.913236934374797
2000-08-08,-2.742506777571902,17.392610690006773,17.23121862439148,5.230305434445456
2000-08-09,-2.1553134239862386,18.99285119720234,19.377689220454602,5.521139821201951
2000-08-10,-3.219164235758811,17.957048165282842,19.645262871022414,7.5247031401155215
2000-08-11,-3.101303454444124,20.771954230730497,21.051383424546078,7.941410936913509
2000-08-12,-3.843006200355316,20.591430888306157,19.182513521654244,8.005726567941185
2000-08-13,-4.67284235432529,19.498254347124906,19.12189648645585,7.109170086227028
2000-08-14,-4.240570674524955,20.38295967816048,18.125815436732502,8.57711342904933
2000-08-15,-4.023230683012734,20.9646297450616,17.28830551866376,8.795463849693201
2000-08-16,-3.350509930602082,20.436428770722113,16.55397617680754,9.165222919428194
2000-08-17,-2.870399151423526,19.601530762692693,15.819685739594963,10.323440725750844
2000-08-18,-2.691876972261768,18.503378788504236,14.695601999361525,11.07929020567853
2000-08-19,-3.3076218447062393,18.971590157444773,14.18017212129054,9.096896137955376
2000-08-20,-2.833813302778691,19.57071361460664,14.886655440524247,9.303859413123428
2000-08-21,-3.4979281009339673,19.535333211413413,15.249956972729779,8.544536277763182
2000-08-22,-2.0222049722332116,19.581721785983053,17.10138197244619,8.232874672073988
2000-08-23,-1.6739368895310618,20.27452105638548,17.047837985477802,7.839653899161722
2000-08-24,-1.111435210596452,20.95012942134269,17.423829724019395,7.664853511165412
2000-08-25,-0.7228933824250303,21.904462042821034,17.907895811541795,8.30268495448524
2000-08-26,0.8424484702184636,22.397814095357425,17.960719404444454,8.462526386861413
2000-08-27,2.5490215254470767,23.4631744098481,16.947543397783292,7.433159905729206
2000-08-28,2.9755219451138997,22.451987612806874,16.43987639776705,6.890018550260024
2000-08-29,3.0571784301013465,21.750834734555944,15.307082995848576,6.728198784559921
2000-08-30,2.6603385783451015,21.428861799998316,15.896276091786127,7.815152807545169
2000-08-31,2.736866280887864,21.281292394242705,14.745767449329312,9.116073169854122
2000-09-01,3.1922229860652545,21.426293772438925,13.171774720256613,8.765629009915024
2000-09-02,5.436448118653024,21.643889653592137,14.245157842590354,9.562239287530895
2000-09-03,4.05936663822635,21.519229009206878,13.650275852155916,9.26642833076724
2000-09-04,3.9772100964430743,22.24157454932776,13.186615999988419,9.248097971930166
2000-09-05,4.5975284957456495,21.31845485704874,12.025211510587546,8.387923000972913
2000-09-06,4.922330397373497,22.44691304473191,12.810911481159167,7.462207674087706
2000-09-07,5.179641742474345,20.833092296485518,11.249178020512485,6.256184526466661
2000-09-08,6.172545462672738,20.335101855470146,10.61330962177082,4.771011377392371
2000-09-09,5.040482688392553,19.249891071871755,9.310914003799788,2.5807664390513536
2000-09-10,4.896011741443305,19.465539092605916,11.15522194094085,2.1152599135650925
2000-09-11,3.361222799130039,18.71956036818535,10.151473472574711,3.316667902191199
2000-09-12,4.368494914765025,17.486993349236453,9.502282783505482,6.430461290856684
2000-09-13,2.8548887733980646,18.201300568266305,9.941117275545517,5.419747716378302
2000-09-14,3.586509577634908,18.146114661390012,10.305078846859384,8.016900705309057
2000-09-15,2.7559963544827135,18.724258999025157,9.420698341843005,8.549034520082653
2000-09-16,2.77895618923107,18.46539785614458,9.420550411345403,8.317758971658671
2000-09-17,4.43168042039068,17.831910718567936,8.813598283408956,6.890189766848662
2000-09-18,4.107942678567975,17.00606659852596,9.762969851372441,7.528689762467865
2000-09-19,4.623198043646012,15.25386165871841,8.473090169355496,6.941709918612938
2000-09-20,6.233769184882129,15.422674292309168,8.734141885171544,7.3939041008911515
2000-09-21,7.919975502109677,16.672238158417972,8.01801709107696,8.041017134495743
2000-09-22,9.216791899937892,16.387855315676266,8.135181898155004,7.07575987022784
2000-09-23,8.988631525032588,15.361305031750884,8.445850762961872,6.731020731451923
2000-09-24,11.88667231583476,15.635576653899818,9.001127767254433,8.480379970845652
2000-09-25,12.192370987548603,14.028343531694484,6.780734598615179,10.372611332226082
2000-09-26,11.712885176869234,14.408475303636244,5.62870457111883,9.537523275999423
2000-09-27,10.512851864905786,15.101813655408016,6.0855112972402,8.449435153329421
2000-09-28,10.068442105531911,13.58457882025366,6.885371218849507,8.64505905355691
2000-09-29,8.333759157913423,13.947562022213077,6.551172978813485,7.785793330904061
2000-09-30,7.185751189717435,13.121033741741014,5.325422837080489,6.872347177517478
2000-10-01,6.1710654967844505,13.32783658017279,7.210323250336035,8.271576103283802
2000-10-02,5.212035526577646,13.447533934634622,8.169780751682683,8.283882363670546
2000-10-03,4.211600365669702,14.718193993496337,7.422681173300493,7.329073279421956
2000-10-04,4.311949509311041,15.202644809839713,8.773400359771303,7.271333648035452
2000-10-05,3.2667333521312774,13.687875151824315,8.799764069452527,5.283646114998106
2000-10-06,2.579212059414809,14.963847822668457,7.802576773392904,5.472019631229562
2000-10-07,1.4911586102359629,14.80611234359318,7.916864260692639,2.9103339807223674
2000-10-08,-0.07989234496414865,14.56080272244104,8.686966214587557,-0.0015972259109289233
2000-10-09,0.6428144421484798,14.213739292034777,9.575445712568984,1.273383373846503
2000-10-10,1.2617717491023823,14.130796700409316,9.288737125025264,0.5775336970448377
2000-10-11,1.6808899769029202,12.806247460709411,10.320013894392515,0.7612843678886889
2000-10-12,0.19174280616142036,12.984878948761795,8.367024808073712,1.239268422264253
2000-10-13,-0.059592327182426186,12.300222879245714,7.7957828617648985,0.05143501786262972
2000-10-14,-0.5417292395366701,13.344748547052003,8.294738098163077,-0.1834132927265454
2000-10-15,-1.3499628566960316,13.92576615412571,7.679204068656208,-1.0525586082339318
2000-10-16,-1.8048524773030803,14.289775562357423,8.296856999412972,-1.2978794858720861
2000-10-17,-1.8163707409122947,14.944688788401928,8.380209030141835,-1.867017389291223
2000-10-18,-1.1273740236385459,14.634355981751439,8.066063319177392,-1.4773294753729804
2000-10-19,-1.179947682603988,15.220712383058093,5.821931793328162,-0.16875027928851916
2000-10-20,-2.4559915512165063,16.763538631533642,7.299120644171899,0.9650726058363208
2000-10-21,-1.7722189360176892,18.55878974442152,9.07409839422089,0.7543945007556324
2000-10-22,-1.0784324888632324,18.871170747696574,8.210247825677863,1.363912101841177
2000-10-23,-1.055478130198515,19.950654491107503,7.238304308211127,1.908207912032452
2000-10-24,0.6832291776252344,19.17298294375788,6.685749342157481,1.662028066315721
2000-10-25,0.9876547113126998,19.568517470265018,7.557327883517024,0.278400756079102
2000-10-26,2.083310070723643,17.64273038818406,9.739703510545246,1.5056169267184494
2000-10-27,4.327872438339744,18.20068910378866,9.645973738474932,0.42134727699579644
2000-10-28,4.637199326565833,19.35954305802589,8.963736018953375,1.579628854286912
2000-10-29,5.226932833573848,18.757732338995453,10.92983877058338,0.009569603028149132
2000-10-30,4.7475606499008025,16.52838410740054,10.628855145697948,-0.2862156573741831
2000-10-31,5.578831557024846,16.634486302180886,11.605264821575812,-0.3907202310945592
2000-11-01,5.991866674160541,17.08065891756319,13.344074569264778,0.533178086160729
2000-11-02,7.6421214314833446,17.336870929268915,13.917013968241758,0.2168873372665902
2000-11-03,7.67444728358203,15.681133012082965,15.080849454876967,-1.2686655410979812
2000-11-04,6.273686417199342,15.121211486500185,15.553615984650712,-1.2341624347405575
2000-11-05,4.801450856503573,14.92161468633236,16.487642541221565,-1.0331673108021797
2000-11-06,5.924858314651336,15.944123502968456,16.091738647747267,-0.8653615256139425
2000-11-07,5.817281634665132,16.088923587489372,17.631990516453946,-0.7070214007405173
2000-11-08,6.97123483583427,13.71541938454838,17.90588568170796,-2.9349625891378985
2000-11-09,4.963956489099324,15.172567100375536,18.185378260646576,-1.0431195388028096
2000-11-10,1.59471925074534,16.259747094592843,19.733851863091747,-1.4913927020662645
2000-11-11,1.8788224287633621,16.421017804982004,18.779207850816185,-2.2728869565776755
2000-11-12,2.4959353405815667,18.429310105776693,19.308543098306394,-2.531896036741269
2000-11-13,2.8354406246175765,18.677437950750043,21.25999969749749,-2.158195036688415
2000-11-14,3.421420090574636,16.9362860261756,20.52043230413804,-1.4326300360161865
2000-11-15,3.1271608184144526,15.682955336864818,19.229937359130737,-2.566389806424941
2000-11-16,4.086052654349967,15.716762601709057,18.349126659639587,-1.5627764541772167
2000-11-17,4.479213125382579,15.686249141844154,18.234057150622238,-2.200725501614309
2000-11-18,4.141037254317092,13.986038504667176,16.35386789715111,-1.9898921325229948
2000-11-19,5.06245166907237,14.368740734618054,18.597575625430633,-2.6237482469542046
2000-11-20,3.8122583838243624,16.330625018417173,20.34332645135754,-1.3790943782726648
2000-11-21,2.9454668979652325,16.929514018540505,20.52830734033471,-0.42883945550328195
2000-11-22,3.6494868281911446,17.7059704234856,21.07514579132038,-0.7997900360689716
2000-11-23,3.218291150748945,17.09061878603044,21.217591174076556,-0.938715952742309
2000-11-24,4.664708977519685,15.472168904560004,20.81280532222255,-0.634100699823209
2000-11-25,5.57689956829206,16.544981712217904,21.04820382667474,0.22756921922029416
2000-11-26,9.126858584629934,17.259657498151558,20.885301127498,-1.210865777081949
2000-11-27,9.260422122748194,16.78052276898881,22.372858011903332,-1.1984214753824551
2000-11-28,10.57935594640479,16.788186257819056,22.030505379800427,-1.9350921193347719
2000-11-29,10.989074353592004,16.07190078223972,22.005020120072423,-2.857592466212955
2000-11-30,10.897089957969653,15.905433417149345,23.16744407003348,-0.7665679878385614
2000-12-01,10.07581319649549,15.459303228730413,24.614464481253616,-0.3658653148705737
2000-12-02,9.611009392436202,17.011739188939192,26.043542101099938,-1.1955270702861758
2000-12-03,11.516314055984271,17.15862210698218,26.373705375158185,-1.1082541070619827
2000-12-04,10.896673607886402,16.38128369560634,25.839261087741225,-1.2117960427646508
2000-12-05,10.401016954395262,15.278132630965462,23.863280759344665,-1.5989862373948869
2000-12-06,8.407361239181697,17.539946060399046,24.90102947865512,-4.009044479399952
2000-12-07,9.81135938531309,17.376396921121415,24.400881494054577,-4.04844360471193
2000-12-08,10.642472762785818,15.480519425720269,25.538543179095953,-3.355910567732825
2000-12-09,13.619732809791335,13.571829313738077,24.806300700492894,-2.309323311292833
2000-12-10,14.67048879164815,13.539369721887569,25.790957545459165,-1.9795963061519002
2000-12-11,13.097158503487414,12.727569301946561,25.95837381328448,-2.591674747754158
2000-12-12,13.223168558564169,13.051574886618882,26.887428194210234,-1.413245816811321
2000-12-13,12.490385277576152,11.36195117751903,27.02723171337888,-0.7427989338037078
2000-12-14,12.075894721676482,9.693864066512397,28.026988198669294,-1.1203791335664208
2000-12-15,12.785449053103092,10.693801765894314,29.757264958907857,-0.9708903658846515
2000-12-16,11.288593319215105,11.509066041316858,30.31191084269694,0.7227522671188256
2000-12-17,12.044628822775087,10.26887546448903,29.810891422921156,0.6258288708600777
2000-12-18,12.448915694214229,9.527164319234585,29.209063342674103,-0.38427402006829503
2000-12-19,13.243602887487441,8.831019145259583,28.207395087800453,1.4742741980244538
2000-12-20,13.452639053935918,7.002101053638012,27.1960975437635,0.7936770901738917
2000-12-21,11.43839071800058,9.244866518246017,28.80375202594852,1.6807247196553834
2000-12-22,10.836219975471703,10.46333171244914,29.940242548210502,2.054953899414675
2000-12-23,11.031210196558177,11.114547248388723,29.014984029159084,3.820815320357947
2000-12-24,10.724966168489194,10.031805523483438,28.9856957836035,3.4815554338849566
2000-12-25,10.436103606289892,10.918036866200437,29.757258804368398,4.04248920965049
2000-12-26,10.970752284542613,10.931470002703342,31.03292797204877,6.523543394069165
2000-12-27,11.339085825860957,10.233169679147045,32.343703316721715,7.277385658278343
2000-12-28,11.622836878181522,9.475479995492787,31.92492121580234,7.515158042040799
2000-12-29,11.79003103267245,9.47489157891469,33.26755338282387,7.055454122004803
2000-12-30,9.885302592984875,10.015063687824412,33.953089562575975,6.769778285328483
2000-12-31,11.130907324308378,10.482435657503963,33.5172189327941,6.544052862429719
2001-01-01,12.14954972547133,10.554883435895821,32.51204450831015,8.922740479364519
2001-01-02,11.076095580541748,10.26860354464318,32.183564932219014,8.41701964684128
2001-01-03,9.757746122713513,10.15404135608657,32.63363425134188,9.734430547399796
2001-01-04,9.62736913491334,10.071903032718689,31.816644877912317,8.775019265287323
2001-01-05,9.41382967267926,10.243257362298047,32.82719895787172,8.767739205186789
2001-01-06,7.993024485204077,9.947248991040595,32.11851454208266,9.009229837316916
2001-01-07,9.458331028741807,9.728960622791977,31.9662616419628,8.27929191980726
2001-01-08,8.514117013511413,10.792585702025837,33.449966293001175,7.080772033249735
2001-01-09,7.916628953362219,11.228508154451758,33.32586127936591,7.776436005393208
2001-01-10,7.073457729114241,9.575271515635734,33.314315968729694,7.905267619989116
2001-01-11,6.145307930615032,8.651502569171218,33.83980705654722,7.501773474364171
2001-01-12,6.250422817027931,8.489003215215135,33.737264645525926,7.548453191083037
2001-01-13,5.602554468999351,7.106907010778322,35.035278212490645,6.026339572539596
2001-01-14,5.3225903715855685,8.28463625645916,33.832910931934734,6.588459721434926
2001-01-15,4.157608513767968,8.185857928160951,34.43978811133216,6.4886007677261315
2001-01-16,3.994289136659145,8.386729548110026,34.76600586736918,6.811248078443569
2001-01-17,4.356606859528811,9.154997263116456,34.40941614547677,7.277861545268456
2001-01-18,3.273761392913109,10.786990587470745,35.83684907282871,5.950224349823951
2001-01-19,3.09467330032272,8.949237105309859,36.64359125705052,5.9327137525354035
2001-01-20,3.874657548066545,8.937898477409595,36.24571278929297,7.2746436948295345
2001-01-21,3.98670397994883,9.24972469862797,37.346098292406964,8.010820169072042
2001-01-22,4.005696325022683,7.312587974722442,36.781277580930514,7.86015952747929
2001-01-23,5.613603356084116,6.458617025265611,34.322275211625076,8.714509461575245
2001-01-24,4.680911092839372,7.089614787496442,35.166931456672245,8.439750180741045
2001-01-25,4.372640324318628,6.822142299800385,36.278030431060294,7.612673348480562
2001-01-26,2.8508975308496014,5.702454566668786,35.53925824455558,7.403621416349241
2001-01-27,1.4810956928808436,6.36857760889542,35.15685419498885,9.009327917930158
2001-01-28,1.4865435786043304,4.966031971773738,35.54746875795237,10.079556973150009
2001-01-29,2.7014728243196267,4.213374945278649,35.30913928471456,10.127899910068752
2001-01-30,1.773270618485211,3.5659723474019716,36.2209650557324,7.9588139278849575
2001-01-31,5.0450080125080685,2.987147726610237,36.21334186323034,7.806105385921932
2001-02-01,5.747320183569281,3.473372991650148,38.045380352238205,8.026230169559458
2001-02-02,7.989441720857483,3.7289146822897568,38.64090861753794,9.691452636538266
2001-02-03,6.562410178395678,3.7987204414378626,39.313058227590446,9.256586102149512
2001-02-04,5.627906780153229,5.927246391228187,39.25278974854616,9.174146038605464
2001-02-05,6.0024124705938675,5.374821870925014,40.60777151945449,8.06416783804539
2001-02-06,5.4003187852276335,4.748658890104398,41.245154790351705,8.043449924070368
2001-02-07,4.840847790401964,5.255102225148335,41.88964194551891,6.60556918977309
2001-02-08,5.115275950423419,5.047537181650942,42.39266492315992,7.170547820254027
2001-02-09,5.764567286842993,7.274758339548435,42.03970787687185,8.060729987877384
2001-02-10,5.922869532420728,7.181046839173098,42.7863770886558,8.433044821030975
2001-02-11,8.023268148163735,6.753551146493719,42.94305462072051,8.972930194702437
2001-02-12,5.93471512573929,7.0404201041095416,42.633930306690104,8.179330481099464
2001-02-13,4.993790962859539,5.799660440176592,44.026300396807564,7.118559874777701
2001-02-14,5.853042690861942,5.517965429035861,43.6784178803569,5.5948072683292285
2001-02-15,5.331411599292508,5.831003851811157,44.006565203784675,5.798225526008175
2001-02-16,5.16154627146285,6.174750128686185,43.743481186095764,7.275089324928885
2001-02-17,4.765455226028051,4.705592230249991,43.542703185683315,6.827204968469793
2001-02-18,4.7250477506792,5.3516236005445,43.920760785012845,5.9603618059175965
2001-02-19,3.171496059348148,6.574516065475617,43.03056645852413,5.795894321537841
2001-02-20,3.5040645236611114,7.610946659130876,41.882400973563946,6.801173315857343
2001-02-21,3.7720247826987037,7.879701929799793,40.8940192170766,6.741143499484871
2001-02-22,3.0125260742984894,9.58287364041385,40.6320621875022,5.014995327392269
2001-02-23,2.5840863362456186,9.42400032638168,41.551068661490454,5.2828923984252585
2001-02-24,2.5278200544733345,9.745802846060169,42.0634637199566,8.503943412151934
2001-02-25,2.678353667733198,8.374385950002441,41.66264547809153,9.607246164156317
2001-02-26,4.386866488254004,8.37919499101085,42.13142145885535,9.870875105807825
2001-02-27,5.115340124380704,6.569374674334014,41.84251255896051,9.955725404338665
2001-02-28,4.813830188823038,6.397745547154864,41.11692125241391,9.010848680882923
2001-03-01,5.994356216744016,8.006930194580024,41.73254847072796,9.419923687430451
2001-03-02,6.038074033109974,7.7944876201990825,39.98330559043184,8.400224626612875
2001-03-03,7.087071004419806,7.219609565295627,40.75306030113085,8.675245257173337
2001-03-04,8.288250545907239,7.0420739310857545,39.42718670012681,9.400485068805363
2001-03-05,7.162970262165986,7.274016883482257,39.051189321515515,8.936591576824721
2001-03-06,7.205530316046591,7.76619849313349,39.55438777274368,8.821835546992938
2001-03-07,8.511551886205876,9.221303971644504,40.0780248188822,8.827422144380781
2001-03-08,9.528269298170002,9.419443184129925,39.79706156305034,8.782999146135447
2001-03-09,9.291740919847308,9.260951412445154,39.93710421791821,10.216624414547217
2001-03-10,8.679149950978971,9.039510460842868,40.05011010154302,9.33740026311095
2001-03-11,9.62588036429227,8.267598077645355,40.36938077857229,10.11042882441359
2001-03-12,10.050771934693964,8.863900181837625,39.85014851810507,10.870683995428537
2001-03-13,11.895493559613318,8.326456680559179,39.64179458005544,11.100560673697498
2001-03-14,12.330500769896622,7.462480265311455,39.68897249970919,13.134620866893185
2001-03-15,13.033911381551121,7.0579178083718865,40.3486210880428,11.437666186376513
2001-03-16,14.215990103037576,5.645329280703373,40.07379354191059,11.047236444770759
2001-03-17,14.642175075497665,5.934348715659528,40.304659947181804,11.691769775116274
2001-03-18,14.389940127964802,5.6162154436119165,40.29868821505068,10.844142245758597
2001-03-19,13.036794889643753,4.666605273040575,43.50424624624836,11.083127234542498
2001-03-20,15.694159900789614,3.152284147880844,45.38014173117104,10.604036907031233
2001-03-21,15.548711848556712,3.0110833003929116,46.76265646911301,10.790132563758842
2001-03-22,14.409029240504493,2.678861010305606,46.870906870235515,10.836975079020588
2001-03-23,17.54991214516447,3.9228706537966884,46.43019552465236,11.218986095872783
2001-03-24,17.698220104577114,4.930647651393039,45.13761392132732,12.147970625401276
2001-03-25,17.15861419665272,5.661842820139871,46.14679326535434,11.923589950491111
2001-03-26,15.86874048479321,4.642606122469786,43.82719866059729,10.61589010534145
2001-03-27,16.626617504317526,4.411988749974905,43.75453695018146,10.763562809530896
2001-03-28,16.116066797912897,4.253487818126203,44.30775221494856,11.331387678199905
2001-03-29,16.59004796367344,5.05801373556882,43.72067901366603,8.700142621576473
2001-03-30,16.972220631383006,5.864805278003955,44.712556715531946,9.445514518828672
2001-03-31,17.49897049803584,5.88126528315173,43.79406976349794,7.632182521609296
2001-04-01,16.135030911388085,6.986268157965229,44.302817597459864,8.07786579953395
2001-04-02,15.816155485784789,7.505990125298991,43.706721102805396,8.363864622232562
2001-04-03,15.064641791841686,7.58158643661483,43.023624218881196,10.44482074759797
2001-04-04,15.491366438609873,7.169011635709314,41.732030182255855,10.139632152329039
2001-04-05,15.610635908548433,6.275312230328819,40.85185641189479,10.67499974188933
2001-04-06,15.139376911294905,5.436182088506392,40.69864980599866,10.83037939142369
2001-04-07,16.64396989143706,6.004637025627983,39.21361343667487,12.074697366563457
2001-04-08,16.049925295404783,5.752263332784615,40.35407165967429,11.54044939530878
2001-04-09,15.282729060150784,5.544332565413517,40.001083384408766,12.349101101372298
2001-04-10,14.218951843205751,5.523780999135313,39.92893465876035,12.089372440145324
2001-04-11,13.275037470074516,4.731225023138638,39.274249501180506,13.342050051115432
2001-04-12,14.616544828822839,5.315389566963443,40.097901856933234,13.488345049015381
2001-04-13,16.097081436599357,4.722585497120542,39.07583106518385,12.703983295975052
2001-04-14,16.22161961949274,3.780689157587492,38.56286937790346,11.185786138406513
2001-04-15,17.952672542631117,3.0935191983206933,40.191361863533196,9.618205526421075
2001-04-16,16.31200230911762,2.6816963304187458,39.29382809661513,8.187977608477121
2001-04-17,17.59150965550359,2.0990867935650646,39.61536076306662,7.373359258189679
2001-04-18,17.455571216508883,2.576703265035543,40.200111331096146,7.3725477018036205
2001-04-19,17.451380229173562,2.8246617486431767,39.482857751615676,7.491143566483852
2001-04-20,17.37830034167953,2.611987798935466,38.782679434085054,8.356697240067858
2001-04-21,16.907205303579072,1.7126860645975706,38.7220964039933,10.22194859465383
2001-04-22,16.550167006430122,2.989663460505752,36.95506477030218,11.22969840032576
2001-04-23,15.78390309694048,2.635286444729681,37.687832675176686,10.820641009398722
2001-04-24,14.63543136224169,3.4873003680576726,37.5559917847778,10.21240621468487
2001-04-25,13.919160790837836,2.9829788164422752,38.34659014220965,11.749130408422916
2001-04-26,15.468873447151198,1.3821582312644984,37.906150219453046,11.475007816179893
2001-04-27,15.090574779117997,1.1846992350404795,37.49246169276171,11.948539193825123
2001-04-28,15.069451596270873,0.17023921733718983,37.3931890694427,11.461255561555202
2001-04-29,14.308282480484147,-0.6005720233893601,38.30295351566241,11.883006829158465
2001-04-30,14.841052670366874,-1.0690388141442813,37.61834037027144,14.067780690598761
2001-05-01,15.554211584379425,0.7104892356484873,36.58290097636239,13.833259202009842
2001-05-02,15.5039778442689,1.137382204230935,36.04923273195348,14.201921459165003
2001-05-03,15.449670546525622,1.1940206341633135,36.51801769841736,14.277177124921705
2001-05-04,14.389816897324698,2.082337883635067,37.871298308970495,12.770284474165823
2001-05-05,13.300242639269744,4.709679958641042,36.92567502969138,14.569615102988006
2001-05-06,13.898649532372442,4.366951010128482,37.089839008197906,15.81607601664897
2001-05-07,13.465024849669648,3.9984539470879166,37.14544190151201,15.817101806882738
2001-05-08,13.05677506520384,4.559720578791573,36.70790059749109,15.816148929344703
2001-05-09,13.597312501318012,4.214000997022193,37.63277079101665,17.838864899456922
2001-05-10,12.495216047348471,5.189227844238865,37.555844338162494,17.092631696577364
2001-05-11,11.978086568906228,4.716357449120342,38.52799469869526,16.204350192411813
2001-05-12,12.847325185462203,4.400634576310845,39.01295991377917,16.811632806262537
2001-05-13,12.262031429726598,4.794620807885912,38.359496844696814,16.91568586050496
2001-05-14,12.852840967513117,4.505159348315691,38.26048447640015,17.125958715624687
2001-05-15,12.590529479219263,4.196211019792376,38.76680208236181,16.953901415328865
2001-05-16,13.31846714817224,3.087789490391169,39.783351984678774,17.476347194267397
2001-05-17,13.123942106207583,4.200400136993848,39.58118363702763,17.19288188301245
2001-05-18,12.09019707114911,3.186759255662154,40.51115124452659,17.196023326394776
2001-05-19,11.874309696214397,4.409078742930295,40.32474198586763,16.433183558577863
2001-05-20,12.085454229676124,3.256616160894878,41.081343712962145,16.088848523496214
2001-05-21,13.054592688957397,4.5159406169567475,40.57799952493924,18.887928497900994
2001-05-22,12.34763286403428,3.6410143824703347,41.50377330589831,19.43921504081864
2001-05-23,10.393575827252965,3.653146347100072,42.54039772798924,19.04690517287355
2001-05-24,11.616355437586233,3.2206810387514824,41.59001514212995,17.9230753801444
2001-05-25,12.701474075532204,3.3729704985566706,42.25512914384952,17.309305227164963
2001-05-26,11.947996971541265,4.202980357895019,41.74398215341424,18.343020832956988
2001-05-27,13.913000043835359,6.19700044828802,42.07026690690817,17.789539265871326
2001-05-28,14.485980915003097,6.320921030329568,41.79404177120616,16.023240661135734
2001-05-29,14.271927272636015,6.52790554647685,40.172698615553365,15.918170311247387
2001-05-30,14.840485622607595,4.569800293764091,39.20033512900768,16.86089786438945
2001-05-31,14.373481643793026,2.569721472318668,39.45816348223307,17.127472255716885
2001-06-01,14.881616143782498,2.080304173272068,41.187746784169526,17.107447257767827
2001-06-02,14.939589488582074,1.3912555865492537,42.73160675428031,17.142963129206425
2001-06-03,15.0152882608388,3.276695366718656,43.85110869729342,15.313413408185209
2001-06-04,14.877425541334066,2.7478556543266874,44.177631956474734,13.253276412332212
2001-06-05,13.20751626604071,2.0105297218691076,45.798671708928914,14.911033408161975
2001-06-06,12.601334598880108,3.338083765676437,46.717982553509586,14.980584050296072
2001-06-07,11.485769849636139,2.470643240015456,46.782036134858735,13.518245151981697
2001-06-08,11.309036528383578,2.7572253901748356,46.703809068336696,14.072412263090218
2001-06-09,11.116219966981022,0.989121975168336,45.145491439651536,13.432135871811129
2001-06-10,11.064212225082638,2.13786627622311,45.3385728646649,14.250492660472183
2001-06-11,12.099005465712795,2.328724306905921,45.75650337525624,14.185286739985829
2001-06-12,12.995642775249346,2.5840898426457644,46.02489744135068,13.893887906452456
2001-06-13,13.283553209000091,2.34431233705046,46.955161371114485,13.870148163115326
2001-06-14,12.751046010850375,3.0725261595249114,45.713035859236506,13.711376794694562
2001-06-15,13.836942822323559,4.184498919929552,45.89159992952537,12.56952555315276
2001-06-16,15.773267450855933,3.3738818677702693,46.914954282520476,13.00092455546613
2001-06-17,14.493059741928345,2.6284526568195345,46.9947820588291,12.906668704679149
2001-06-18,14.007684077636618,1.9348453407447948,45.96897006338143,13.248610354123675
2001-06-19,13.961543909375553,2.553011603562191,46.38247048055553,13.451211751760107
2001-06-20,13.903447038453029,2.9430479433919854,45.90690582252409,14.174672769469177
2001-06-21,15.542170475754116,2.8651836122013856,45.33246252388483,13.921197906729095
2001-06-22,15.993694154874886,2.5654160766826,45.82228946145006,12.953458008930982
2001-06-23,17.164318525725143,1.799795904375894,45.7429077573875,12.300821244874628
2001-06-24,16.749824651366833,2.102610153679359,45.848051536689276,12.575227219079567
2001-06-25,17.364192925560136,1.4686991879337692,45.35734911556407,10.512186388413783
2001-06-26,18.519629963699266,1.397387899474439,44.50049175423335,11.9447317275769
2001-06-27,19.599509693184896,1.499556792440684,44.781257442448215,12.256231803336206
2001-06-28,18.38418715589451,0.9639441556162212,44.5340317074953,11.666003255606594
2001-06-29,17.676120050479355,1.743594915834706,44.40630521799221,12.018626197351878
2001-06-30,18.992842466234862,0.27614027657036866,45.07683381071445,11.826825031392175
2001-07-01,18.60137066275729,2.2068729930137403,44.26977654098153,14.275296022231196
2001-07-02,19.56755341894489,3.142954085492381,41.0191866149706,15.488723140945366
2001-07-03,22.804450603696854,4.301583257786463,40.973487137833864,14.599428180782882
2001-07-04,22.87824209582689,4.747975537673759,40.23567583065365,15.946217374408537
2001-07-05,23.002595293002415,5.9039065032012354,40.08525318812027,16.19007679728767
2001-07-06,23.636984136528444,4.801210155277124,39.43390827257048,15.704354387561958
2001-07-07,23.309205586938454,5.17290214350897,39.90853115862269,16.882963517137647
2001-07-08,19.843331346993722,5.766558154223864,40.00702638542909,16.381821150813327
2001-07-09,20.03240634576682,6.202898317389151,39.516790669212305,15.668250975080605
2001-07-10,20.65356019062578,8.01968562033229,38.697384031998716,16.87920664426328
2001-07-11,19.860564317252607,7.778383481988529,37.96463368873264,16.196427285750666
2001-07-12,19.694394122309472,9.318726573630673,38.09220822868089,17.773207510075785
2001-07-13,19.85508401669754,7.670185287772586,37.841284050533034,15.881910619708691
2001-07-14,17.63823566922893,8.577165852446953,35.81488543747131,15.616329025356794
2001-07-15,17.255044782057315,8.222230335870861,34.4362753992226,14.672365198886563
2001-07-16,19.32269255654506,9.350843863213314,33.441061327293546,14.546356443791032
2001-07-17,18.513811527622646,8.791249962045267,33.9099000378597,14.669178562651105
2001-07-18,17.72131554956849,8.863807458569424,34.73139709049387,13.525371291266978
2001-07-19,18.496483187138594,7.85553139727707,34.74272310747149,12.865215013941562
2001-07-20,17.1877734037075,10.255587894027327,34.82103633564934,12.767276505845292
2001-07-21,17.369314687834947,9.610470568457346,35.89801489723898,13.359509337887447
2001-07-22,17.134451408403628,10.83010942412703,36.98751550415145,12.844289751067336
2001-07-23,17.52604862466403,11.481052693393442,37.02929382163839,13.54697547464453
2001-07-24,17.388317357603682,11.561673463494952,36.87349395332491,13.435199092142929
2001-07-25,16.878053909967797,10.572180084392702,37.437710995594664,12.213900486070031
2001-07-26,15.672073945300774,10.493779435983468,39.55709885750909,14.315166888259952
2001-07-27,16.138336599995156,10.663440678171439,40.522294951250615,15.20753394799472
2001-07-28,14.713563441512024,10.066818416365935,40.98918487950851,15.61629440872634
2001-07-29,16.991930384363503,10.005441176237637,41.13630650127635,17.359231500685148
2001-07-30,18.128104844519463,8.92773425374364,39.714481800383695,17.708647888403494
2001-07-31,19.499518067865903,8.662866884476731,40.41613112175089,18.36157573637584
2001-08-01,20.213715112372245,9.053174111444559,40.33345798602236,20.565750500720387
2001-08-02,20.806558802441543,8.215895534756267,40.041593306979095,21.099298754526323
2001-08-03,20.55174501615088,9.974480576485014,39.38357950563074,20.032546461696942
2001-08-04,21.000597990922806,9.49700228073072,39.68787673245486,18.970673261271294
2001-08-05,21.06873755350333,9.068220957423053,38.745512499036366,16.744026129966286
2001-08-06,20.762324730186176,8.861611518614346,38.921421333368535,17.28861919696752
2001-08-07,21.144789919093743,7.238601906848559,36.41065411080425,16.12948074827257
2001-08-08,19.086284595521196,8.068628007807522,35.966092854181156,17.073878201558195
2001-08-09,18.429901687149997,8.217844400393393,35.63940813582197,17.04575887350739
2001-08-10,18.55489070891542,8.728537348753017,35.37150377399703,15.119631929496094
2001-08-11,19.46377815676004,7.158697320815099,34.948621095874074,13.23084735520694
2001-08-12,19.45938576781743,7.69066504207678,36.24130654692263,13.6360021399089
2001-08-13,18.20067856253464,10.187725994364264,35.98496925409483,12.90817622609874
2001-08-14,18.302510345457605,9.158301044358335,36.35268617412789,12.435360592740277
2001-08-15,18.333564742210214,8.740389437883838,34.450054395248515,11.545546818357469
2001-08-16,19.733382557840905,8.515716037632238,34.8181273200121,13.556607730587999
2001-08-17,19.314482172977296,7.988459759630846,33.838004466170794,13.210102860172036
2001-08-18,22.08706013250336,8.19093293719965,33.56733744409081,11.764360873514748
2001-08-19,23.046188497550887,8.224639491025972,35.708943962602866,9.74824511597245
2001-08-20,23.154758110556,8.0492770083267,35.95975088319949,9.54931043928442
2001-08-21,22.343845276599453,7.79971629749429,34.41525535350428,9.845964224194768
2001-08-22,22.549395273332436,9.35985162345348,33.93778921092789,9.571132800812977
2001-08-23,21.411562274296244,9.413275277061006,33.14492161134708,9.814170962663212
2001-08-24,22.904289462403955,8.178660953514909,33.6754832641837,8.982811560277636
2001-08-25,22.189572968906873,8.204371214828996,34.19034676037775,11.228748198045512
2001-08-26,22.64064468317585,7.984914223522718,35.956730587996105,11.089304267038916
2001-08-27,21.95259013649014,10.039762349148342,35.774691308966375,11.327694604090105
2001-08-28,23.71722814386861,11.799808793160546,37.25295932689511,12.764649972036601
2001-08-29,23.924842937591972,11.37616516463697,36.919207606426355,11.942801243002071
2001-08-30,23.183439776150756,10.59124149123993,35.37033589042507,12.576510324413807
2001-08-31,21.998390093845313,10.410405546298485,34.85411529412743,11.785176047822752
2001-09-01,21.736082717914435,9.544820519860977,35.986568422781446,11.370281554554593
2001-09-02,21.790186712763497,10.029272361003269,37.55046524420189,11.538051442177032
2001-09-03,20.87756322535542,10.099814213275419,38.550113317715315,10.586273692453206
2001-09-04,21.685153212705398,9.57382248276346,38.85699014496904,11.513739472499537
2001-09-05,22.461105818905008,8.434595967011434,38.76943872374003,10.569668090470634
2001-09-06,23.365883458484618,10.152504030405893,37.866806373038415,8.833336851322509
2001-09-07,23.28849155774208,10.884443770428266,36.534577233966175,8.679828126506568
2001-09-08,21.40723008801485,9.782284888001293,35.78234496623156,9.075513703825077
2001-09-09,21.488151805145073,10.45855423359825,36.6412236983562,8.764477990004753
2001-09-10,19.73868852320225,9.192847142009544,36.19981828273071,10.003477653167716
2001-09-11,21.452163480222968,7.808718491535265,37.15173683654165,9.320806153072057
2001-09-12,19.287037488229206,8.989937228970494,37.34188875273199,8.26275719220835
2001-09-13,18.835936140268075,10.291403926462845,37.204137410064526,8.353968634815342
2001-09-14,18.490553672799027,7.913386219728562,37.429964694968355,7.357749979685698
2001-09-15,21.379804559669733,7.9933246931170485,37.9780612831475,10.136134450670644
2001-09-16,19.90747731749456,7.687239547184491,38.94593197084817,10.529373112762567
2001-09-17,21.869467682229768,9.258235031497394,40.41685116437871,10.35057958887506
2001-09-18,22.59245663422824,9.865564946306254,41.62795060026189,10.73986573500513
2001-09-19,22.25037691318896,10.356837533096874,41.082232238965986,10.241884356980094
2001-09-20,23.363248542537878,10.755082265237593,41.82893075458289,9.851898811874259
2001-09-21,23.809616912565918,9.976954472742003,41.09751897685615,9.67265960646974
2001-09-22,23.431753608066575,9.412896776199746,39.7883497337605,7.525931555065359
2001-09-23,23.796122025337933,8.25765578034807,41.25635761724991,7.7238612878694894
2001-09-24,24.838392753426678,9.158192957649694,42.67572854209846,6.739451431392708
2001-09-25,25.045259304883267,7.021476622250454,41.793906483524374,5.852428171568802
2001-09-26,23.08789555205679,7.878307667795055,40.23114692172035,7.380620412741598
2001-09-27,21.28057564983079,6.706219722957107,39.40639065866299,5.734116446598304
2001-09-28,22.57027789251297,6.965048029575729,39.55482388953336,5.831356386906002
2001-09-29,22.674245413717188,7.0243485419110225,39.13974213411905,5.176881149686564
2001-09-30,23.0927260045712,7.4842531668754715,38.73738422046687,3.4866968426210274
2001-10-01,22.522405640951682,6.530568376620157,38.3205553162154,4.025107559530377
2001-10-02,23.896676434324025,5.693474718245878,38.93612173113634,4.664552952415755
2001-10-03,25.37027943649151,5.639336319504699,39.465651522316,5.194716143836674
2001-10-04,26.391096405680816,6.309165521211781,39.87608690968474,5.725197544706245
2001-10-05,27.05379636007337,5.7282604780609105,40.00042747235032,5.937943367052314
2001-10-06,26.74133446110101,6.673801325640128,39.616036943907126,6.130525209698367
2001-10-07,27.110824166663328,6.292152126064599,38.456639217644415,6.4792300656170045
2001-10-08,27.412963392411058,6.11539205074261,38.019858444169586,6.413960842811568
2001-10-09,28.114491521827304,5.722481084305832,36.90369393047285,7.68082079040482
2001-10-10,28.69950011435713,6.413185539952228,38.09003887389873,6.680007776831711
2001-10-11,29.500578763698165,4.915029324431125,36.03628907845842,6.368037457619488
2001-10-12,29.45471595215352,4.020797735430615,35.59249395532068,9.381374098608427
2001-10-13,29.608990363506592,4.477955650919132,35.153518872665394,8.440829491344111
2001-10-14,28.954758963649454,2.1697298939487526,35.02118802252318,7.657047916032599
2001-10-15,29.751195869162935,3.393387187687936,34.671726491341495,7.049758933857877
2001-10-16,30.081567255585774,4.292205001929487,32.824019551600145,6.449588960768106
2001-10-17,28.754320206805282,3.3782911134632228,32.48185671177808,5.885176569862405
2001-10-18,27.391175773059704,1.6262271328995068,31.121226580572852,6.496483459344922
2001-10-19,27.03898959050135,0.004019435741632771,30.988977018702276,6.324876115558573
2001-10-20,26.395094548727187,0.9962527623872441,30.875544424486296,6.175673888456269
2001-10-21,26.410017091046054,0.42369308556859386,30.694718855927455,6.086802029051125
2001-10-22,25.168259948062726,0.2924757232882415,29.476896201751465,7.4189063489806975
2001-10-23,25.370971027430443,1.4788096069816714,30.045669924408404,7.787265059656906
2001-10-24,24.629919584563225,0.573429390411616,30.186657538178086,9.03969473187
2001-10-25,25.263057676866122,-0.3585496454133551,29.18422985733009,7.130795965742764
2001-10-26,23.936607488783043,0.47039216741149437,29.25048444770784,6.709576205324328
2001-10-27,23.312036212865827,-0.7610769819361614,28.65482889619167,5.30894947973618
2001-10-28,23.795028570792308,-0.3376382498179229,28.282780468903166,5.313139577751346
2001-10-29,20.943306341842984,-0.3023620029337989,29.05919978766551,4.261529241605679
2001-10-30,19.561532085606498,-0.4214553459085877,26.56175950823581,4.050191112987576
2001-10-31,19.036915901473684,-0.46857095654581155,25.634787954808722,3.6823204515632777
2001-11-01,19.53427756799282,0.30344126359384777,26.437223066221097,3.5392599555398774
2001-11-02,18.921822748207862,0.21023217006214084,27.165236002595776,2.500132559843377
2001-11-03,19.80253470155923,0.3567653247027633,26.037146737183566,3.0452479646382873
2001-11-04,19.177100542109176,0.7766640672979058,27.295118773979524,3.143455899523796
2001-11-05,18.410874747088627,1.968804773296788,28.87023862213125,3.064937543398076
2001-11-06,18.67769214204568,2.847966581527449,29.784870751556873,3.080879034066701
2001-11-07,19.13738899793789,3.9843921193770564,29.701349789893538,1.6529252470799511
2001-11-08,19.61188870484612,3.8910395638923134,32.39372878698432,1.1579182076304189
2001-11-09,18.282070924155885,6.559258735860439,31.84756962724437,1.0262504573779212
2001-11-10,17.34824200284482,8.242462959591839,29.613737260051586,1.4394431444952622
2001-11-11,17.0192729671517,9.358775802372527,29.476717847271345,3.663162032356269
2001-11-12,16.862362398915195,10.281216307154473,30.90086461455764,3.6261168964513337
2001-11-13,16.199991207746024,10.308507668288938,29.97710182896611,2.416585576548295
2001-11-14,15.456705361289096,9.126287227710153,30.91936699390868,0.3114020451724695
2001-11-15,14.484293561163348,9.796108283603584,29.73538371918251,-0.32519085018096083
2001-11-16,15.363268564197469,9.835394935297533,30.00786428180498,-1.266494617438409
2001-11-17,15.072785056357949,10.84284023813719,29.834653076403594,-2.0328370820506754
2001-11-18,14.392711668850943,9.8790213754282,30.031958745488332,0.5350648646194056
2001-11-19,16.191815004813947,9.026871265260638,31.501337792885412,-0.7186488253306782
2001-11-20,19.246938544498434,8.091283086241887,32.89270726511269,0.032884801825163956
2001-11-21,19.56928138526846,6.854771402744358,32.34109946854581,0.5034147840611736
2001-11-22,20.399402045923893,7.742192224922758,33.553977947041865,-1.0680678849664567
2001-11-23,19.063927652444566,8.494148970390281,31.600362702722464,-2.746819715810834
2001-11-24,21.11913290291448,7.27023277535905,30.459965530406524,-4.018641759996969
2001-11-25,20.874447703559134,5.944628716934011,30.25876223333922,-2.6613066485128636
2001-11-26,20.20275337668913,5.653354390948241,29.626334906492797,-3.3176283012770393
2001-11-27,19.3063118402415,6.041447546271413,29.419287843559957,-3.4624621426748385
2001-11-28,19.12602661795444,5.749359856676154,30.189796359004152,-4.974015773156005
2001-11-29,18.998539037123255,5.252729476349604,28.95446941978963,-5.453575337474548
2001-11-30,18.786785455903246,5.564183542785395,28.51077882201833,-5.837326076779737
2001-12-01,18.084703621580097,6.12545263173481,28.45540681537584,-7.181592563823311
2001-12-02,17.467163787321386,6.068256508506631,29.55796682948109,-7.151054207948769
2001-12-03,17.076537800543658,7.625669625944575,30.878477943672394,-7.766813409568929
2001-12-04,15.772293791602582,7.740288134205432,30.976946499927223,-6.816048871899048
2001-12-05,17.621399364036062,7.900110486746839,31.32014396413439,-8.438621168715825
2001-12-06,16.865248878065625,8.874291568192879,31.249185895833204,-9.053350605133016
2001-12-07,16.643645097254154,8.26853676184281,31.358198350070406,-8.383951202601533
2001-12-08,16.35910208245581,8.36403992055298,29.751042324641777,-8.800571397767971
2001-12-09,16.776629468568895,11.511821189617281,29.020171249806776,-8.969054273776473
2001-12-10,17.68671713120092,11.194717989562564,29.549921714602835,-8.558673762567823
2001-12-11,18.298922824883594,10.465951391713816,28.66660615695679,-9.76945398808476
2001-12-12,17.49045796222793,10.687879830335554,29.760816456094286,-9.46480312909083
2001-12-13,17.984940128451658,10.446089885982614,29.131167855707478,-8.510856787260694
2001-12-14,17.923178568546863,12.75668794903629,28.83750814310263,-8.026035941975685
2001-12-15,16.09453056080386,12.782519657942876,28.252289849914927,-10.03528843066114
2001-12-16,15.13467133004711,12.723445194686843,28.232228350561826,-10.011308430350649
2001-12-17,16.865306493250728,13.078688795357822,28.068097169849462,-9.804451757713373
2001-12-18,17.419648047101372,13.327843540540963,27.905265603513204,-8.062638964012738
2001-12-19,18.74859809960651,14.027037084144382,29.252207430026235,-6.9724075468127165
2001-12-20,19.686204108704803,15.06682270799331,29.21757503485751,-6.749625886696009
2001-12-21,20.611306287576078,14.228270384678826,28.89383183104412,-7.04683121988349
2001-12-22,20.97349979420438,16.16818949780316,30.037089692208088,-6.8817734109601965
2001-12-23,20.848958673952556,18.048835384025413,30.07958091704642,-6.9717717485092905
2001-12-24,21.92181562563733,17.955522074817402,31.509366481315574,-6.548744904697871
2001-12-25,21.48366388934723,18.166028731867108,31.539548605970573,-7.118036871536117
2001-12-26,22.50854103719577,19.11779767692555,30.57813441171059,-7.494930624634069
2001-12-27,22.474901297750616,20.164445887681424,29.600879215010824,-7.209758600706356
2001-12-28,23.718517077459012,20.29325838911257,29.583973452732,-6.814990227234449
2001-12-29,23.428845046363204,21.85365549158514,29.655646681208548,-6.190780726489639
2001-12-30,23.512239873936394,20.379172609586107,29.816072102468418,-5.567893271709592
2001-12-31,22.84145834866271,21.201955447630795,27.794700815102516,-4.926076055148403
2002-01-01,24.3333578183145,19.701072683191587,27.524428077124437,-6.160727768157342
2002-01-02,25.25367699746912,20.670617703716907,27.186151863083335,-5.794669450945268
2002-01-03,24.299659928887372,19.191822916673406,27.39075107951382,-5.597377978192219
2002-01-04,22.524482356576165,19.350966306164242,28.3807897311407,-4.459581486773445
2002-01-05,22.427808821837054,19.050914573690516,27.058164000768848,-5.816114118298184
2002-01-06,21.13102567610459,19.224582771007036,26.138758787372975,-5.332722760074149
2002-01-07,22.315061642092584,19.01606438500137,25.8654981389529,-4.494091395820647
2002-01-08,22.25720553254337,19.1577076417762,26.296494573869662,-6.472147660193818
2002-01-09,21.770223395378864,15.623385672229851,26.5210144848475,-5.068077896539736
2002-01-10,20.52387004850378,12.65834291524733,25.573773183009042,-5.164592847170042
2002-01-11,22.093267386433403,12.836632123433283,25.86784100820117,-4.744048766809539
2002-01-12,22.353672602455024,12.787254097048926,25.277871266261748,-4.778896013020481
2002-01-13,21.0463279540236,15.294498863841145,26.058023551263787,-4.485233276403148
2002-01-14,20.15992540366734,16.82962173724492,25.70359520467974,-3.9841298454200533
2002-01-15,20.11414060883563,17.21051188200649,27.259849381664,-3.5144418558804897
2002-01-16,21.402321060368603,17.054723871417238,26.800319068006544,-3.364170374412481
2002-01-17,19.124839584515353,16.739653951898532,25.257742323715984,-4.648157795133052
2002-01-18,17.75378426476033,17.20156585948853,25.665564862792788,-5.2292456628088635
2002-01-19,17.408917692292782,17.149287470229588,26.231427840884916,-4.208640129805902
2002-01-20,17.729080220174847,18.453609635002607,27.74784507297031,-5.332414939024148
2002-01-21,18.014712606252772,19.36979574538347,27.228912420576115,-5.986113546386356
2002-01-22,16.213224963787074,21.353623915644405,26.153602192416976,-5.353999123853543
2002-01-23,17.559018581890435,20.35480646055292,26.68632476256336,-3.864053589138174
2002-01-24,18.85283830394536,19.493459273526547,25.382747507001252,-2.801600409971534
2002-01-25,19.272959601344965,20.108968101858267,26.349144348551018,-4.58779884941471
2002-01-26,18.82033306375884,20.70096468963148,28.073466171928963,-2.8592238980048443
2002-01-27,16.663495935376993,21.80781712062728,28.101506536388673,-3.672732456867357
2002-01-28,17.885066966627182,21.007680339771795,28.319376128539353,-5.469296440933491
2002-01-29,18.09689725314937,23.315341610680168,29.6517403396165,-7.191138862513155
2002-01-30,18.695570365781393,21.98437195603286,28.707672419649796,-7.759723995228942
2002-01-31,20.120363637939644,21.87832335392099,27.898043559101733,-7.758885594907184
2002-02-01,21.444820069467784,22.588314289607958,26.84893092855189,-7.5185676561356125
2002-02-02,21.387798374059408,24.110925322693433,26.325114234223996,-7.349081761636892
2002-02-03,20.82655330588161,24.78382411616199,25.125357211360466,-5.974739702301416
2002-02-04,20.536822260702625,24.057558697218347,23.565455598011773,-6.154330674892736
2002-02-05,19.82168060299611,24.555232421712766,23.322862230500647,-5.404063436134079
2002-02-06,20.01629083960835,25.549947009402956,22.309679401632348,-5.09809457398172
2002-02-07,19.392367831494333,25.808695013152132,20.472424014539236,-6.091066485277757
2002-02-08,19.15434392363569,26.31765140182153,20.035474170668927,-3.4223156859554598
2002-02-09,18.597429774805516,26.703851839556915,20.77757146651551,-3.303793569591051
2002-02-10,19.037546885142557,27.575417871671398,21.57042695921645,-3.3390455587328645
2002-02-11,17.486251082064317,27.497169988730146,21.126454444949008,-2.969284158401661
2002-02-12,18.202087256859866,27.745301036413597,21.35531398001052,-2.5008323805379247
2002-02-13,17.34513640715455,27.01424114026223,19.714586960098845,-0.7592947800390115
2002-02-14,17.652196654801667,27.410113196932056,19.889651181471564,0.6998396910504487
2002-02-15,19.315182672021887,28.143134706896276,18.58069495759886,0.9601346577664758
2002-02-16,18.493311875562313,28.295576371434127,19.412344629517104,0.8217566898260742
2002-02-17,16.71163240475396,29.173051037456755,19.542690689178695,1.333853511590282
2002-02-18,16.613603675897764,30.454950283159018,19.653594138418548,1.6294925390682182
2002-02-19,15.221530762978915,31.450685319426515,20.020949530967787,2.213228983707199
2002-02-20,14.823978703201782,30.88596842249921,20.86833143770509,1.5918181709730441
2002-02-21,13.50699926839863,31.535806669322948,20.845289672249535,1.919986876459701
2002-02-22,13.804146168729467,30.344308652970195,18.21878059831624,3.445856035421275
2002-02-23,15.092964968723773,31.04747623134162,17.279803011960922,2.5028960909111424
2002-02-24,15.812482788110447,31.234670703757605,19.097530270349022,2.195459571010452
2002-02-25,16.21311840207008,31.24915108471299,19.92855101545986,1.2167654006537305
2002-02-26,16.045592049839296,33.47934590786221,21.007799578123073,1.0255820370847526
2002-02-27,16.27939035748082,34.23582252086583,19.838605435686638,1.5638274785754258
2002-02-28,18.738188696737097,33.31847790802191,19.148333942432913,1.0312143228014188
2002-03-01,20.356069529250913,34.688356377586665,18.580101682788,0.5397326852194972
2002-03-02,21.799728456243752,34.3368198501469,20.467955503840837,-1.235643976294828
2002-03-03,23.052151820865102,33.28600129881494,18.92760845799065,0.20651722410710271
2002-03-04,22.654045501845307,32.337215982899544,18.5669277339879,1.8721309682653915
2002-03-05,21.97193378370283,32.11177637677159,18.01682949821635,1.1040256388410592
2002-03-06,20.669639174515268,30.925711799236876,17.21314176451355,0.26012345432795125
2002-03-07,20.963207623396517,31.695378833982886,16.528812105077538,0.2732068172922093
2002-03-08,21.432492187112647,30.86396374232258,17.22774360890476,1.3018259530127634
2002-03-09,22.81595406193826,31.788264320915154,16.174295303717514,2.605039992868701
2002-03-10,21.785063814446072,31.014378087636597,16.34864440635308,2.6793784516302734
2002-03-11,22.11037415603404,29.27034700883135,17.168251930764825,2.177142152932407
2002-03-12,22.73732415099893,30.9485990656775,15.931084491184377,1.0819197053908438
2002-03-13,22.571689677655502,30.847015182368832,15.496714770384282,0.644142969017009
2002-03-14,23.021325864110775,28.76669606017959,14.912653311953838,0.15581697134896555
2002-03-15,22.53687505162538,29.644207190216804,14.494789048503167,-0.05637753220826758
2002-03-16,22.587220200208346,29.4426738251836,15.473529055933279,0.7973467094575873
2002-03-17,22.692837915639092,27.085084904855236,15.382817420423496,0.9407365526572985
2002-03-18,23.634074977727547,26.983507921703303,16.190825534523523,1.4375267717432547
2002-03-19,23.783330162688824,29.739508315821723,16.356370102764615,2.3108956409650716
2002-03-20,23.73174437508438,31.40058424974811,16.420632974112596,2.6926357970404977
2002-03-21,23.917952292432723,31.77056619997443,17.752649033138304,2.443503795751079
2002-03-22,24.346187470508397,30.284897083122605,16.227480144899772,1.0854088269054365
2002-03-23,24.045975390525964,29.74372470828256,15.538347659467863,-0.4434441658863135
2002-03-24,23.19802756537932,28.786409278838644,15.658714707234504,-3.6946054582470107
2002-03-25,25.68240161568514,28.750046531443548,14.615027122792993,-3.652149072528625
2002-03-26,25.17739891606078,31.033190590376083,13.882875750464759,-4.405727313057481
2002-03-27,22.383558166043006,31.205518414789594,15.47357062549772,-3.090517434036636
2002-03-28,21.500909351835116,31.631031337530327,14.983375847846142,-2.3145030874682933
2002-03-29,23.299233165935128,31.319964011325983,15.58238612311569,-1.5155738573039428
2002-03-30,23.84463725125607,29.9080303637552,15.756412723694636,-2.2006901814962267
2002-03-31,23.618276443363484,30.405150706113687,14.841240129369202,-1.7412100183829526
2002-04-01,24.27619660464195,27.702001833150703,12.902636212873334,-0.9480663695796298
2002-04-02,25.113822158061424,28.333404756266063,12.065825620482475,-1.622510488235526
2002-04-03,25.652257593399476,30.62851959428623,11.326707098553975,-2.761640539607259
2002-04-04,26.798093908093534,32.996778240197976,10.407456818045297,-4.0980314752817
2002-04-05,25.76411204442173,31.871678074763928,10.453659341522155,-4.660381190765758
2002-04-06,24.671936001076382,32.44898804368876,10.656591591514157,-5.017142418448261
2002-04-07,24.534255441307202,32.714502464433366,10.540052422106418,-3.8165563813552215
2002-04-08,22.902232195129052,32.03667668908257,10.339340068137574,-3.8718644675408016
2002-04-09,23.174373047819685,32.81889166272969,9.379046419010997,-4.341633074399818
2002-04-10,20.595699268253735,33.73862001959983,8.495010182847937,-3.583578694853044
2002-04-11,20.20173481212058,33.92466296544454,8.989829617668551,-3.660896032230483
2002-04-12,20.103985310459144,34.54346060628794,8.338209977004006,-3.3737125367003773
2002-04-13,21.62959202528077,33.966031091956836,7.288686425446554,-2.2129926068050363
2002-04-14,20.985799718458157,32.77278000444626,7.14029954003629,-2.5145627079213737
2002-04-15,22.213801843020924,32.45812125925447,9.038721485723208,-2.915177697910998
2002-04-16,22.852942747752188,32.038052548686395,7.967908329028287,-3.5715401007066037
2002-04-17,22.63849614704916,33.64389161662031,9.106535457536951,-4.130958938677359
2002-04-18,22.759486079207562,32.916040417931676,7.955553951561194,-5.594695795821723
2002-04-19,24.401176022726503,32.358978117193715,8.23505218608658,-5.036482244946212
2002-04-20,23.731584227852064,32.731079520177985,8.574474278624704,-5.88283224189078
2002-04-21,22.62041152952092,32.35282812138483,9.284736918387898,-3.8716762727731413
2002-04-22,20.04705811549517,32.858424459809655,7.914138448133174,-4.278410523855917
2002-04-23,20.402805364372668,32.90634684209043,8.41865098993798,-5.32369027727016
2002-04-24,20.027164281001763,32.33705038252322,10.442096825323155,-3.750523262538011
2002-04-25,19.465224311371642,31.767830546081722,9.61551887381821,-2.6891779560779954
2002-04-26,18.629670032261007,31.27633446649693,10.30395320925654,-3.1048824059325417
2002-04-27,18.536213911401738,32.28778476861411,9.427739208393902,-3.145361493874619
2002-04-28,18.64178794848329,32.38081942987911,10.780720986461208,-1.878593180946934
2002-04-29,18.946209906486203,32.66462723266984,10.387726944233695,-1.703857042019223
2002-04-30,19.027030922834342,31.311006802468324,11.480146164036865,-2.2081365955145684
2002-05-01,17.68028779757004,30.854494422491516,10.664228708901263,-2.1007233217169743
2002-05-02,17.577960299300802,29.48432570680751,8.270467129600249,-1.690925878549485
2002-05-03,18.010984743097335,29.78605693549022,8.821999793801446,-0.645195278461562
2002-05-04,17.791807699528157,30.453960883012588,8.076288967714273,-0.969992699158224
2002-05-05,18.77465842777813,30.518438839174863,8.041096358706804,-2.068274266114135
2002-05-06,19.042849348225616,29.23715848574706,7.066919708414078,-1.7299392049416595
2002-05-07,16.88660312061153,27.641956735985612,7.641591514624758,-1.6031607629632765
2002-05-08,16.309080899023677,27.287133209948017,7.92977004654056,-2.52569917616513
2002-05-09,17.24021292595398,26.98258944764391,6.916334385244369,-3.197116163122951
2002-05-10,14.703634410359697,26.45448992043573,6.797395872600507,-1.8790661257107295
2002-05-11,14.3466932346943,26.540695890992136,8.112454941010611,-2.212253397155284
2002-05-12,14.594782239635522,26.361766071042627,8.142623686463061,-2.9927036618569236
2002-05-13,16.005106014033952,25.82577024914185,7.2600302705628605,-2.329469114850621
2002-05-14,16.012849719086436,27.388803690941504,8.470594147493758,-2.054901419828169
2002-05-15,14.084239779596814,27.09384329873857,8.811780153660544,-2.501966913574856
2002-05-16,15.437886856902129,26.871451460456548,8.607720884171684,-4.660656630658115
2002-05-17,15.030265254330399,25.91816529332926,9.846304376125891,-4.7017856162315566
2002-05-18,14.188917793380739,25.032885850855735,10.894121509744698,-3.497871108855735
2002-05-19,15.516172703638956,23.922145910136358,10.82736091022543,-2.3047903689406235
2002-05-20,14.287610547274879,24.159289581427373,11.158274148829863,-0.6582207737836336
2002-05-21,14.660115139066008,24.375014106804656,11.42926602175767,-1.9355884091199822
2002-05-22,14.622034905963242,23.813841265452663,11.12816371352853,-3.2496313674735307
2002-05-23,14.58088063227923,22.985120486590805,9.412425299276801,-1.3429889588809358
2002-05-24,13.912087421579395,22.2373591658454,8.835911766078995,-2.6585308846133913
2002-05-25,12.997278790003898,20.038283146711077,7.844279239168264,-3.0408201549754565
2002-05-26,14.027241130595609,19.109823778457702,8.5118816967362,-2.299677245452928
2002-05-27,16.45256709977502,20.616305039701082,9.636547477958178,-0.32223990819765236
2002-05-28,15.833457399564882,21.827207842298154,9.879746074300323,-0.08551749552222959
2002-05-29,16.461120559152025,22.723077786204776,11.38246445011034,0.46186937814981127
2002-05-30,16.35413115768314,21.58632914540426,12.479879641425104,0.2458080879534663
2002-05-31,18.114524805139077,20.823987281218244,13.07193408324644,0.8541696398954478
2002-06-01,18.875824888576975,19.703384229635134,12.017511954967212,0.5986245463816859
2002-06-02,18.99272160152913,21.47352799959449,14.15538729886706,0.6234448049592027
2002-06-03,18.222977242887126,21.676396313105435,14.839871080919819,1.8660035436620772
2002-06-04,18.766728830424462,20.063545470819747,17.445689430305478,3.0976801673428387
2002-06-05,20.17873405159365,20.23731706792667,16.848979494187137,3.2677685240446466
2002-06-06,21.698307554891358,21.076262165853944,15.921931427754675,4.306049025608819
2002-06-07,20.55972907162915,21.00172506579143,17.40736606613553,3.4202081701866436
2002-06-08,21.227173549415888,19.98593079210068,16.583510763545412,3.134882010942773
2002-06-09,20.841182257826578,20.089245408716003,16.341381147162352,2.83551572503634
2002-06-10,20.556398461187385,20.49719193083723,15.265170648179078,3.750774770306885
2002-06-11,20.027272846741816,20.287808332734613,11.881966063544269,5.03627161512605
2002-06-12,18.753396546531164,19.870751488087247,13.115949512041109,4.1922247960469505
2002-06-13,18.5840932724056,20.314497005068315,11.314217462390587,4.368658808139737
2002-06-14,19.17299456134884,20.733332809198597,11.92274997068359,4.706354299598005
2002-06-15,19.703366854610074,20.44242462734866,11.203071004758081,4.783109168719844
2002-06-16,19.865905389970788,19.84867029220644,9.722075006886284,5.087430751150041
2002-06-17,18.027719841297298,19.59998516264728,8.795710086787064,7.017059451956298
2002-06-18,17.45126313982636,19.38481549203401,8.542188260584036,7.628544181812309
2002-06-19,16.087109012599466,19.159223802133155,7.7995138056189175,7.994031608713904
2002-06-20,15.964796355695805,19.2312511243066,5.053100202041094,8.040824417503089
2002-06-21,16.74052973582029,18.997699494552858,4.555531800562397,8.839080097031005
2002-06-22,17.591775439174942,18.93737267934893,4.9501379780489065,9.176837870578662
2002-06-23,17.26089400154695,18.161351516583565,4.301420977770018,8.47915718080617
2002-06-24,17.368047102785138,17.26716049413456,4.946780477315775,8.955815456851083
2002-06-25,18.070389914692946,16.265057844837937,6.525865390576052,9.25430634590763
2002-06-26,18.02766954713838,15.996083796222955,9.153511507075331,11.589609292971314
2002-06-27,18.739844914284184,15.849123062393016,10.734677960776674,12.98415647694387
2002-06-28,18.642726279639867,18.76266134258996,11.08345168105936,12.310779368169857
2002-06-29,16.61143986815288,18.88307368269938,12.213361447939118,9.569012676861767
2002-06-30,16.715670543450088,19.708782744192685,10.936186310746988,10.92468024803171
2002-07-01,15.259014824500227,18.47398218511221,10.948500078097066,11.743193669604038
2002-07-02,14.054617524720186,19.865649408733535,10.810554382394454,11.067383344262463
2002-07-03,16.065750990457254,20.230698238022892,10.006463835249784,10.504916540749704
2002-07-04,16.09522736474916,21.49074069350585,9.606716356987732,11.383057061573636
2002-07-05,14.906976081356657,20.739170460663047,9.492090888001156,12.505831712841147
2002-07-06,14.394605964472566,19.491941090801962,9.442408695657374,13.047074449791486
2002-07-07,15.097761511067958,18.615365814867484,8.472862679436883,12.781381862061187
2002-07-08,14.935141790549888,17.760678962970047,8.352878460656076,11.834345593143185
2002-07-09,16.038115533050405,18.101088708009975,8.600881066324598,11.36244345987758
2002-07-10,18.218522489153557,18.693625468259572,7.960310609270888,12.532292167839698
2002-07-11,17.90404201632058,18.216615005803668,9.39613031059535,11.19665052694099
2002-07-12,17.08882259836439,17.0661408831409,9.310617185755577,10.881524188209918
2002-07-13,16.648032101954836,16.004291614424282,10.70415878231802,8.955207296284607
2002-07-14,17.80017412820461,17.139365219850674,10.826078410146756,8.48886882582147
2002-07-15,17.10158569086168,17.53075313870836,11.618042983029868,7.2404195914310225
2002-07-16,17.897451922950772,18.315581081706554,12.22484407235669,6.344986287661346
2002-07-17,19.565696364167525,19.362902006141546,12.333135931010542,8.105405395666612
2002-07-18,19.398995148385698,20.341195094050065,11.911818000289962,8.711168940787985
2002-07-19,19.854059724510115,21.10883738005187,11.395254478485342,8.796369753053192
2002-07-20,20.885406501558723,21.456733408614515,12.596119177339832,8.849909438290442
2002-07-21,20.46310755278678,22.192545134536836,13.181553117128782,9.808861658641712
2002-07-22,20.752614844959798,20.486660175559972,13.625576847890377,7.858181274166589
2002-07-23,19.339884247845838,21.64758065775634,14.362853101800543,6.129399053382816
2002-07-24,19.746101562790646,21.985231748232856,14.94234198227441,7.685230836700713
2002-07-25,18.08021047266526,22.33882031945627,14.193608107667451,8.898329469188177
2002-07-26,18.728850125923238,23.717859385117045,13.627118381998184,8.928393235709168
2002-07-27,18.089034564877675,22.79861564809565,12.372135746084265,9.912099298990736
2002-07-28,17.267439607499124,22.26349303362191,13.415053680785627,9.134770585838618
2002-07-29,16.879895101298253,22.61003507897733,12.005360785422448,10.044549767465863
2002-07-30,16.480961858500283,24.696234489284922,11.494071508870643,10.096021977393233
2002-07-31,16.273206667874895,24.045797632070116,11.52014163742053,9.759973866358678
2002-08-01,17.564744388629634,23.72177234414259,12.416940292518548,9.895566392769336
2002-08-02,18.024525460836177,23.2490400079549,12.78054756406165,9.202065207830946
2002-08-03,18.32274769992072,23.95581543350316,12.273566614708116,8.710813862525987
2002-08-04,17.868735160708972,24.742682942394808,11.971359390839082,7.763270713340425
2002-08-05,17.553325000150153,25.13416127424597,12.001998093159282,9.164379639927652
2002-08-06,17.680328114917348,24.85408602822639,10.806206402933023,9.239398929614211
2002-08-07,18.855817215587344,24.39027885439846,10.868202574809684,8.579098380271791
2002-08-08,21.125630218291754,24.732181538977382,10.266889558243538,8.377703208383554
2002-08-09,21.50115665735038,24.996622669225523,9.587034034886537,5.560716131758696
2002-08-10,21.94328522738375,25.351895151889806,10.963429157399533,5.753591700024077
2002-08-11,23.007796218358365,24.798076108501814,11.933153908578978,4.539514446061956
2002-08-12,25.646065006156732,24.38871653628094,10.448452666061256,5.907328671895305
2002-08-13,24.886975840570138,25.627663546035855,12.041618918968613,5.160669246226053
2002-08-14,25.194781552030346,24.90966708930641,12.332897995609095,5.80563697143142
2002-08-15,24.911753454625728,25.051366234119673,12.500134627943888,6.43751781348916
2002-08-16,25.935477061319883,25.34142981738492,12.888695838954542,9.093953129683065
2002-08-17,24.668590145969112,25.98487400192017,11.37876570155993,10.306958083943693
2002-08-18,23.47389664777274,23.922366217810982,10.629267136108725,11.221652995281337
2002-08-19,22.9787146279382,23.87399056106513,12.766418235468223,10.26816733819676
2002-08-20,23.49708226910556,24.63765471054064,12.463535717478596,9.814241715110658
2002-08-21,23.8178078155976,26.074098550594915,12.418307827797374,8.15772060982408
2002-08-22,24.835018944493783,26.51203092555552,14.252595466749586,10.383923501523446
2002-08-23,26.36713009890092,24.943330443973686,15.065720267163611,9.50117183171717
2002-08-24,26.797335913036676,25.095654321831773,17.313564186428245,9.154751989588057
2002-08-25,25.95028842554738,26.262812190508736,16.84194541603136,10.77614438499866
2002-08-26,25.454379507730376,26.691889229202523,17.272427492293463,12.584411635810962
2002-08-27,26.985376010678763,26.726484604281243,17.518853323253392,13.563440891809579
2002-08-28,27.654379868329624,26.799389743558475,18.66508808228838,13.168893381146855
2002-08-29,28.33198755248891,28.530727150910156,19.833080767191042,14.295538654216893
2002-08-30,27.408339885820922,30.200823689086192,20.1663796467592,15.94313371207351
2002-08-31,28.00281377482491,30.458855766742275,19.090767904937923,16.896308733450137
2002-09-01,28.475826077476096,29.559153954693674,20.19730883206411,15.625050164326504
2002-09-02,29.550843215768253,28.064911264960397,19.62156348259637,16.670585168808937
2002-09-03,30.28198957427248,27.480341562745693,20.203608796095104,17.277791339721798
2002-09-04,31.269476400319782,26.483752195972716,19.223152860554354,19.36931169094585
2002-09-05,31.475552184037372,26.3038206559128,17.390272295154062,21.26975623710681
2002-09-06,31.243626352397364,24.394718234526696,18.575722651777543,20.41431205263289
2002-09-07,31.707287752275743,25.188468637147572,18.987912872728767,22.06858934204579
2002-09-08,31.057949194361026,21.881446199008586,19.043508971757564,22.057958139368818
2002-09-09,32.70284072116987,20.905861352043043,19.920854711497608,20.92487264701324
2002-09-10,33.11961618194201,21.00563208758568,20.906946446040738,19.656717795139777
2002-09-11,31.19174410244355,20.044450200667782,22.605450325020414,18.445924040898884
2002-09-12,31.004514586571133,18.43936538934127,21.797532229970546,18.616669928487482
2002-09-13,31.21475344908164,18.240369476909052,21.153525584595926,17.886900591995055
2002-09-14,31.52614101437531,17.23324057138901,21.76464436473637,17.69046147399341
2002-09-15,32.045162197184595,16.59566925029739,22.212836714127093,17.420068219894187
2002-09-16,32.423118388914155,15.43467203202019,22.184018786503824,16.530492438767592
2002-09-17,33.40191072384381,17.91368502404416,22.474530250112974,18.200722278953748
2002-09-18,33.20791990056515,17.97008534506897,20.5338442713386,18.47430729801155
2002-09-19,35.140367267503706,18.00471662043979,19.409386049395927,19.259260559141627
2002-09-20,36.1300637140739,19.10721179148114,20.963148950126097,19.436765941983726
2002-09-21,35.72138579437145,18.937290683668525,21.194925883287933,19.515452042030073
2002-09-22,37.11966755435186,19.899728735864613,21.393859623758054,20.2779936662601
2002-09-23,38.514275283403876,19.90923628100563,20.418160625091307,19.59490956290297
2002-09-24,39.92996317288842,18.14019537657273,20.940778363893873,20.69488590545945
2002-09-25,40.30995627853772,19.719910741864815,19.70299262363308,19.496188431257618
2002-09-26,40.54662622315746,19.120070466070928,21.34667620093544,20.41323030751366
